                  epoch,         train/box_loss,         train/cls_loss,         train/dfl_loss,   metrics/precision(B),      metrics/recall(B),       metrics/mAP50(B),    metrics/mAP50-95(B),           val/box_loss,           val/cls_loss,           val/dfl_loss,                 lr/pg0,                 lr/pg1,                 lr/pg2
                      1,                 1.0089,                 3.2653,                 1.4681,                0.00182,                      1,                0.32905,                0.23397,                0.25024,                 6.3681,                0.54097,                 0.0002,                 0.0002,                 0.0002
                      2,                0.66162,                 1.9236,                 1.1885,                0.00182,                      1,                0.71088,                0.38455,                0.59466,                 6.8443,                 1.0207,             0.00033684,             0.00033684,             0.00033684
                      3,                0.53563,                 1.5708,                 1.1044,                0.00352,                      1,                0.96908,                0.91786,                0.20779,                 6.2126,                0.44255,             0.00038656,             0.00038656,             0.00038656
                      4,                0.49777,                 1.3469,                 1.0657,                 0.9772,                      1,                  0.995,                0.89403,                 0.2263,                  6.104,                0.46169,             0.00034916,             0.00034916,             0.00034916
                      5,                0.44079,                 1.1814,                 1.0453,                0.98916,                      1,                  0.995,                0.94962,                0.14437,                 5.8273,                0.36962,             0.00022464,             0.00022464,             0.00022464
